<!DOCTYPE QGLVIEWER>
<QGLViewer version="2.9.1">
  <State stereo="false">
    <foregroundColor blue="0" green="0" red="0"/>
    <backgroundColor blue="0" green="0" red="0"/>
  </State>
  <Display FPSIsDisplayed="false" axisIsDrawn="false" cameraIsEdited="false" gridIsDrawn="false"/>
  <Geometry fullScreen="false" height="901" posX="729" posY="215" width="1101"/>
  <Camera>
    <Parameters Type="PERSPECTIVE" fieldOfView="0.785398" orthoCoef="0.496762" sceneRadius="1" zClippingCoefficient="1.73205" zNearCoefficient="0.005">
      <SceneCenter x="0" y="0" z="0"/>
    </Parameters>
    <Stereo IODist="0.062" focusDistance="2.41421" physScreenWidth="0.5"/>
    <ManipulatedCameraFrame>
      <position x="-0.695065" y="0.286475" z="0.74959"/>
      <orientation q0="-0.141061" q1="-0.419457" q2="-0.0549143" q3="0.895066"/>
      <ManipulatedParameters rotSens="1" spinSens="0.3" transSens="1" wheelSens="1" zoomSens="1"/>
      <ManipulatedCameraParameters flySpeed="0.01" rotatesAroundUpVector="false" zoomsOnPivotPoint="false">
        <sceneUpVector x="0" y="1" z="0"/>
      </ManipulatedCameraParameters>
    </ManipulatedCameraFrame>
  </Camera>
</QGLViewer>
